[
    {
        "title": "baxuru Tvarkaraštis",
        "link": "https://stmc-st-sk.edupage.org/timetable/view.php?class=-67",
        "glow": "#6366F1"
    },
    {
        "title": "bueno Tvarkaraštis",
        "link": "https://stmc-st-sk.edupage.org/timetable/view.php?class=-59",
        "glow": "#6366F1"
    },
    {
        "title": "ŠTMC pamokų laikas",
        "link": "/assets/ps.jpg",
        "glow": "#6366F1"
    },
    {
        "title": "Balai i pažymius", 
        "description": "Apskaičiuoja balus i pažymi", 
        "link": "/tools/balai-i-pazimi.html"
    }
    
]






